                  epoch,             train/loss,  metrics/accuracy_top1,  metrics/accuracy_top5,               val/loss,                 lr/pg0,                 lr/pg1,                 lr/pg2
                      1,                0.17522,                0.99692,                      1,                 2.3298,             0.00023794,             0.00023794,             0.00023794
                      2,                0.14805,                0.99897,                      1,                 2.3254,             0.00024035,             0.00024035,             0.00024035
