                  epoch,             train/loss,  metrics/accuracy_top1,  metrics/accuracy_top5,               val/loss,                 lr/pg0,                 lr/pg1,                 lr/pg2
                      1,                0.20081,                0.99355,                0.99836,                 2.3331,             0.00023794,             0.00023794,             0.00023794
                      2,                0.16084,                0.99532,                0.99873,                 2.3302,             0.00024035,             0.00024035,             0.00024035
