                  epoch,             train/loss,  metrics/accuracy_top1,  metrics/accuracy_top5,               val/loss,                 lr/pg0,                 lr/pg1,                 lr/pg2
                      1,                0.68443,                0.99372,                      1,                 2.3438,             0.00023794,             0.00023794,             0.00023794
                      2,                0.21148,                0.99654,                      1,                 2.3302,             0.00024035,             0.00024035,             0.00024035
