                  epoch,             train/loss,  metrics/accuracy_top1,  metrics/accuracy_top5,               val/loss,                 lr/pg0,                 lr/pg1,                 lr/pg2
                      1,                0.96624,                 0.9938,                0.99899,                 2.3402,             0.00023794,             0.00023794,             0.00023794
                      2,                0.16852,                0.99646,                0.99975,                 2.3297,             0.00024035,             0.00024035,             0.00024035
